Model,Accuracy,Sensitivity,Specificity,MCC,ROC_AUC,PR_AUC,Top10_Recall,Top10_EF,Top20_Recall,Top20_EF
RF,0.8285714285714286,0.5925925925925926,0.9102564102564102,0.5313686553996153,0.9166666666666666,0.8004444054144606,0.3333333333333333,3.5,0.5185185185185185,2.7222222222222223
SVM,0.819047619047619,0.5555555555555556,0.9102564102564102,0.5002526954339216,0.8907882241215574,0.7134766689949252,0.3333333333333333,3.5,0.5185185185185185,2.7222222222222223
KNN,0.45714285714285713,1.0,0.2692307692307692,0.29417420270727607,0.7507122507122507,0.43735115820409864,0.18518518518518517,1.9444444444444444,0.25925925925925924,1.3611111111111112
XGB,0.7619047619047619,0.6666666666666666,0.7948717948717948,0.43109049629565144,0.8727445394112061,0.6593692517337899,0.2222222222222222,2.3333333333333335,0.4444444444444444,2.3333333333333335
